<application>
  <component name="LocalDatabaseDriverManager" version="201">
    <driver id="elasticsearch">
      <artifact id="Elasticsearch" name="Elasticsearch" use="true" version="7.10.2" />
    </driver>
    <driver id="mongo">
      <artifact id="MongoDB" name="MongoDB" use="true" version="1.12" />
    </driver>
    <driver id="mysql.8">
      <artifact />
      <artifact id="MySQL ConnectorJ" name="MySQL ConnectorJ" use="true" version="8.0.25" />
      <artifact id="MySQL Connector/J 8" name="MySQL Connector/J 8" use="true" />
    </driver>
  </component>
</application>