<application>
  <component name="ProjectManager">
    <defaultProject>
      <component name="Encoding" addBOMForNewFiles="with NO BOM" />
      <component name="PropertiesComponent">
        <property name="nodejs_interpreter_path.stuck_in_default_project" value="undefined stuck path" />
        <property name="nodejs_npm_path_reset_for_default_project" value="true" />
        <property name="settings.editor.selected.configurable" value="preferences.pluginManager" />
      </component>
      <component name="SbtLocalSettings">
        <option name="projectSyncType">
          <map>
            <entry key="D:/working/projects/coursera/Functional Program Design/calculator" value="PREVIEW" />
            <entry key="D:/working/projects/coursera/Functional Program Design/codecs" value="PREVIEW" />
            <entry key="D:/working/projects/coursera/Functional Program Design/example" value="PREVIEW" />
            <entry key="D:/working/projects/coursera/Functional Program Design/quickcheck" value="PREVIEW" />
            <entry key="D:/working/projects/coursera/Functional Program Design/streams" value="PREVIEW" />
            <entry key="D:/working/projects/coursera/Functional Programming in Scala Capstone/observatory" value="PREVIEW" />
            <entry key="D:/working/projects/coursera/Scala-Capstone/observatory" value="PREVIEW" />
            <entry key="D:/working/projects/coursera/Scala-Capstone/scala-capstone/observatory" value="PREVIEW" />
            <entry key="D:/working/projects/coursera/scala1/example" value="PREVIEW" />
            <entry key="D:/working/projects/coursera/scala1/forcomp" value="PREVIEW" />
            <entry key="D:/working/projects/coursera/scala1/funsets" value="PREVIEW" />
            <entry key="D:/working/projects/coursera/scala1/objsets" value="PREVIEW" />
            <entry key="D:/working/projects/coursera/scala1/patmat" value="PREVIEW" />
            <entry key="D:/working/projects/coursera/scala1/recfun" value="PREVIEW" />
            <entry key="D:/working/projects/coursera/scala2/barneshut" value="PREVIEW" />
            <entry key="D:/working/projects/coursera/scala2/kmeans" value="PREVIEW" />
            <entry key="D:/working/projects/coursera/scala2/reductions" value="PREVIEW" />
            <entry key="D:/working/projects/coursera/scala2/scalashop" value="PREVIEW" />
            <entry key="D:/working/projects/coursera/spark-scala/wikipedia" value="PREVIEW" />
          </map>
        </option>
      </component>
      <component name="ScalaSbtSettings">
        <option name="customVMPath" />
      </component>
    </defaultProject>
  </component>
</application>