<code_scheme name="Default" version="173">
  <ScalaCodeStyleSettings>
    <option name="importLayout">
      <array>
        <option value="java" />
        <option value="_______ blank line _______" />
        <option value="base package imports" />
        <option value="_______ blank line _______" />
        <option value="all other imports" />
        <option value="_______ blank line _______" />
        <option value="scala" />
      </array>
    </option>
  </ScalaCodeStyleSettings>
</code_scheme>