<application>
  <component name="libraryTable">
    <library name="Remote Python 3.8.3 Docker (python-ex:initial) interpreter library">
      <CLASSES />
      <JAVADOC />
      <SOURCES />
    </library>
    <library name="scala-sdk-2.11.12" type="Scala">
      <properties>
        <language-level>Scala_2_11</language-level>
        <compiler-classpath>
          <root url="file://D:/working/setup/scala-2.11.12/lib/scala-compiler.jar" />
          <root url="file://D:/working/setup/scala-2.11.12/lib/scala-library.jar" />
          <root url="file://D:/working/setup/scala-2.11.12/lib/scala-reflect.jar" />
        </compiler-classpath>
      </properties>
      <CLASSES>
        <root url="jar://D:/working/setup/scala-2.11.12/lib/scala-library.jar!/" />
        <root url="jar://D:/working/setup/scala-2.11.12/lib/scala-reflect.jar!/" />
      </CLASSES>
      <JAVADOC>
        <root url="https://www.scala-lang.org/api/2.11.12/" />
      </JAVADOC>
      <SOURCES />
    </library>
    <library name="scala-sdk-2.12.14" type="Scala">
      <properties>
        <compiler-classpath>
          <root url="file://D:/working/setup/scala-2.12.14/lib/scala-compiler.jar" />
          <root url="file://D:/working/setup/scala-2.12.14/lib/scala-library.jar" />
          <root url="file://D:/working/setup/scala-2.12.14/lib/scala-reflect.jar" />
        </compiler-classpath>
      </properties>
      <CLASSES>
        <root url="jar://D:/working/setup/scala-2.12.14/lib/scala-library.jar!/" />
        <root url="jar://D:/working/setup/scala-2.12.14/lib/scala-reflect.jar!/" />
      </CLASSES>
      <JAVADOC>
        <root url="https://www.scala-lang.org/api/2.12.14/" />
      </JAVADOC>
      <SOURCES />
    </library>
  </component>
</application>